LAW L1,L1,LAW L2,L2,Class,
182133,1432,-458302,18,0,
182446,1435,-458407,19,0,
157740,1188,-458341,18,0,
125933,870,-458261,17,0,
121951,830,-458315,18,0,
120861,819,-458324,18,0,
118863,799,-458299,18,0,
111517,725,-458316,18,0,
113057,741,-458338,18,0,
120904,819,-458328,18,0,
123869,849,-458295,18,0,
125426,864,-458303,18,0,
119691,807,-458308,18,0,
125869,869,-458314,18,0,
133364,944,-458295,18,0,
153309,1143,-458322,18,0,
177499,1385,-458348,18,0,
184740,1458,-458323,18,0,
165114,1261,-458313,18,0,
122932,840,-458324,18,0,
122556,836,-458319,18,0,
124472,855,-458335,18,0,
125754,868,-458321,18,0,
125572,866,-458360,18,0,
125047,861,-458317,18,0,
138133,992,-458296,18,0,
158206,1192,-458315,18,0,
179036,1401,-458321,18,0,
191044,1521,-458327,18,0,
196824,1578,-458306,18,0,
183763,1448,-458322,18,0,
184111,1451,-458351,18,0,
182149,1432,-458286,18,0,
181755,1428,-458306,18,0,
174954,1360,-458350,18,0,
134706,957,-458337,18,0,
54389,154,-458356,18,0,
30093,88,-458391,19,0,
64323,253,-458344,18,0,
99621,606,-458292,18,0,
124218,852,-458240,17,0,
131051,921,-458345,18,0,
126188,872,-458357,18,0,
125523,865,-458336,18,0,
125585,866,-458325,18,0,
125555,866,-458325,18,0,
126275,873,-458286,18,0,
127729,887,-458318,18,0,
126753,878,-458317,18,0,
90888,519,-458293,18,0,
57331,183,-458335,18,0,
44453,55,-458350,18,0,
69779,308,-458284,18,0,
86356,474,-458335,18,0,
87189,482,-458371,18,0,
87275,483,-458310,18,0,
87212,482,-458313,18,0,
87130,481,-458302,18,0,
87385,484,-458321,18,0,
87278,483,-458340,18,0,
87393,484,-458305,18,0,
87428,484,-458345,18,0,
87454,485,-458313,18,0,
87328,483,-458292,18,0,
87445,485,-458337,18,0,
87653,487,-458222,17,0,
87587,486,-458269,17,0,
87758,488,-459209,27,0,
87521,485,-460339,38,0,
87682,487,-459037,25,0,
87934,490,-458331,18,0,
87684,487,-458306,18,0,
88006,490,-458331,18,0,
88051,491,-458270,17,0,
87903,489,-458334,18,0,
88088,491,-458379,19,0,
87408,484,-458343,18,0,
88005,490,-458316,18,0,
87854,489,-458339,18,0,
87745,488,-458307,18,0,
88059,491,-458354,18,0,
87675,487,-458322,18,0,
87651,487,-458362,18,0,
88134,492,-458363,18,0,
87856,489,-458323,18,0,
87645,487,-458329,18,0,
88066,491,-458339,18,0,
87808,488,-458345,18,0,
88136,492,-458312,18,0,
88010,490,-458292,18,0,
87719,487,-458315,18,0,
88036,491,-458393,19,0,
87968,490,-458321,18,0,
87701,487,-458283,18,0,
87978,490,-458348,18,0,
88011,490,-458378,19,0,
88094,491,-458315,18,0,
88046,491,-458337,18,0,
87874,489,-458296,18,0,
87974,490,-458305,18,0,
88104,491,-458260,17,0,
90619,516,-458278,18,0,
117170,782,-458351,18,0,
210068,1711,-458401,19,0,
336478,2975,-458440,19,0,
320212,2812,-458429,19,0,
323501,2845,-458481,20,1,
333116,2941,-458531,20,1,
336411,2974,-458549,20,1,
342747,3038,-458591,21,1,
354318,3153,-458692,22,1,
361963,3230,-458869,23,1,
366507,3275,-459365,28,1,
396105,3571,-460731,42,1,
427192,3882,-463973,74,1,
465557,4266,-469279,128,1,
502000,4630,-475348,188,1,
539944,5010,-480808,243,1,
578519,5395,-485832,293,1,
614133,5752,-495290,388,1,
646172,6072,-498567,420,1,
672153,6332,-501095,446,1,
708423,6694,-503592,471,1,
725533,6866,-506014,495,1,
739023,7000,-507687,512,1,
790206,7512,-508586,521,1,
888785,8498,-509543,530,1,
964191,9252,-510742,542,1,
741167,7022,-510617,541,1,
424116,3851,-504528,480,1,
289898,2509,-502305,458,1,
218484,1795,-500434,439,1,
155370,1164,-497837,413,1,
149199,1102,-494556,380,1,
145895,1069,-491362,348,1,
142114,1031,-488381,319,1,
132851,939,-484252,277,1,
123085,841,-479436,229,1,
110646,717,-475047,185,1,
98386,594,-470868,143,1,
84145,452,-462887,64,1,
57862,189,-460436,39,1,
50881,119,-459257,27,1,
47243,83,-458779,23,1,
43859,49,-458574,20,1,
34660,42,-458507,20,1,
26843,120,-458452,19,0,
22709,162,-458419,19,0,
17902,210,-458397,19,0,
13350,255,-458375,18,0,
-1217,401,-458410,19,0,
-6811,457,-458354,18,0,
-5892,448,-458326,18,0,
23439,154,-458241,17,0,
34373,45,-458282,18,0,
32321,66,-458294,18,0,
32134,67,-458333,18,0,
32284,66,-458328,18,0,
32302,66,-458290,18,0,
31934,69,-458253,17,0,
32047,68,-458280,18,0,
32221,67,-458286,18,0,
32229,67,-458308,18,0,
32280,66,-458334,18,0,
32277,66,-458362,18,0,
32242,66,-458320,18,0,
32553,63,-458299,18,0,
32839,60,-458294,18,0,
32478,64,-458289,18,0,
32333,65,-458250,17,0,
29311,96,-458270,17,0,
45320,63,-458286,18,0,
60469,215,-458390,19,0,
60469,215,-458354,18,0,
63462,245,-458291,18,0,
65955,270,-458377,18,0,
67583,286,-458393,19,0,
66351,274,-458313,18,0,
66670,277,-458316,18,0,
67765,288,-458374,18,0,
66365,274,-458342,18,0,
66165,272,-458375,18,0,
66477,275,-460270,37,1,
66126,271,-462032,55,1,
66288,273,-459877,33,1,
66373,274,-459869,33,1,
66160,272,-461361,48,1,
66191,272,-461791,53,1,
66040,271,-462538,60,1,
66370,274,-464658,81,1,
66206,272,-465713,92,1,
65878,269,-463599,71,1,
66347,274,-462885,64,1,
66673,277,-463085,66,1,
66664,277,-462563,60,1,
66472,275,-462226,57,1,
65598,266,-462100,56,1,
65757,268,-461302,48,1,
66000,270,-460461,39,1,
66211,272,-460344,38,1,
66238,273,-464804,83,1,
66439,275,-469054,125,1,
67539,286,-470356,138,1,
68669,297,-472182,157,1,
68019,290,-475879,194,1,
76787,378,-480209,237,1,
79813,408,-482481,260,1,
83200,442,-484282,278,1,
87360,484,-486788,303,1,
87360,484,-487724,312,1,
85126,461,-487154,306,1,
83635,447,-483256,267,1,
82660,437,-473608,171,1,
81811,428,-463395,69,1,
81162,422,-459782,33,1,
79534,406,-459193,27,1,
79497,405,-458900,24,1,
79178,402,-458380,19,0,
80358,414,-458023,15,0,
80365,414,-458045,15,0,
78059,391,-457222,7,0,
76868,379,-456891,4,0,
76563,376,-457348,8,0,
76634,377,-457630,11,0,
77618,386,-456490,0,0,
78568,396,-455442,10,0,
77575,386,-457757,12,0,
77142,382,-458519,20,0,
76764,378,-458210,17,0,
76507,375,-458228,17,0,
76624,376,-458278,18,0,
76622,376,-458323,18,0,
76761,378,-458340,18,0,
76761,378,-458338,18,0,
76800,378,-458349,18,0,
77074,381,-458325,18,0,
77057,381,-458332,18,0,
76257,373,-458296,18,0,
75782,368,-458297,18,0,
76856,379,-458322,18,0,
77068,381,-458347,18,0,
76131,371,-458313,18,0,
77061,381,-458353,18,0,
76471,375,-458306,18,0,
76040,371,-458310,18,0,
77033,381,-458347,18,0,
77437,385,-458324,18,0,
76215,372,-458305,18,0,
76411,374,-458311,18,0,
77131,381,-458335,18,0,
76692,377,-458313,18,0,
76465,375,-458358,18,0,
76647,377,-458385,19,0,
76742,378,-458313,18,0,
76673,377,-458333,18,0,
76647,377,-458326,18,0,
78403,394,-458304,18,0,
104395,654,-458263,17,0,
223446,1845,-458336,18,0,
316563,2776,-458495,20,1,
321881,2829,-458596,21,1,
319683,2807,-458633,21,1,
323863,2849,-458714,22,1,
327323,2883,-458971,24,1,
333338,2944,-459475,29,1,
346829,3078,-460338,38,1,
356401,3174,-461286,48,1,
364880,3259,-462380,59,1,
385571,3466,-464537,80,1,
417721,3787,-469128,126,1,
514900,4759,-482578,261,1,
565924,5269,-489663,331,1,
607913,5689,-495288,388,1,
643122,6041,-500487,440,1,
689352,6504,-507347,508,1,
737214,6982,-513658,571,1,
774617,7356,-518565,620,1,
803916,7649,-522690,662,1,
833368,7944,-526612,701,1,
869498,8305,-529909,734,1,
910796,8718,-531946,754,1,
1013136,9742,-534285,778,1,
1020356,9814,-535016,785,1,
730767,6918,-531906,754,1,
438685,3997,-527208,707,1,
286758,2478,-524298,678,1,
223540,1846,-521763,652,1,
198888,1599,-518190,617,1,
180104,1411,-513649,571,1,
179997,1410,-508871,523,1,
173801,1348,-504640,481,1,
157283,1183,-492967,364,1,
144732,1058,-486645,301,1,
133747,948,-481126,246,1,
117966,790,-475953,194,1,
99394,604,-470572,140,1,
83197,442,-465518,90,1,
53795,148,-459943,34,1,
49969,110,-459009,25,1,
44164,52,-458680,22,1,
35401,35,-458443,19,1,
31557,73,-458372,18,0,
26968,119,-458329,18,0,
23661,152,-458324,18,0,
15210,237,-458343,18,0,
6745,321,-458395,19,0,
3628,353,-458332,18,0,
27799,111,-458241,17,0,
27596,113,-458200,17,0,
25195,137,-458223,17,0,
24978,139,-458227,17,0,
24956,139,-458241,17,0,
25022,139,-458261,17,0,
25110,138,-458272,17,0,
25108,138,-458264,17,0,
25255,136,-458254,17,0,
25332,136,-458285,18,0,
25314,136,-458269,17,0,
25335,135,-458233,17,0,
25368,135,-458293,18,0,
25443,134,-458293,18,0,
25573,133,-458285,18,0,
25513,134,-458280,18,0,
25566,133,-458288,18,0,
25711,132,-458281,18,0,
25717,132,-458276,17,0,
25817,131,-458274,17,0,
25824,131,-458231,17,0,
25741,131,-458272,17,0,
26699,122,-458266,17,0,
47210,82,-458330,18,0,
141332,1024,-458371,18,0,
277883,2389,-458458,19,0,
367558,3286,-458525,20,0,
326160,2872,-458541,20,1,
321745,2828,-458611,21,1,
328823,2898,-458750,22,1,
334280,2953,-458968,24,1,
334795,2958,-459376,28,1,
341241,3023,-460007,35,1,
354647,3157,-461612,51,1,
366166,3272,-463331,68,1,
383871,3449,-467456,109,1,
461014,4220,-473430,169,1,
514082,4751,-480264,237,1,
563549,5246,-487207,307,1,
608108,5691,-493886,374,1,
653788,6148,-500584,441,1,
697505,6585,-507454,509,1,
734699,6957,-513416,569,1,
767650,7287,-522021,655,1,
803039,7641,-525988,695,1,
852351,8134,-529473,729,1,
879342,8404,-531795,753,1,
950697,9117,-533223,767,1,
1026748,9878,-534784,783,1,
903404,8644,-535231,787,1,
554601,5156,-531598,751,1,
351490,3125,-526943,704,1,
251905,2129,-524051,675,1,
212014,1730,-517846,613,1,
178871,1399,-513336,568,1,
178164,1392,-508785,523,1,
174628,1356,-504602,481,1,
161256,1223,-499067,425,1,
146769,1078,-492587,361,1,
138228,992,-486488,300,1,
127158,882,-480878,244,1,
111295,723,-475474,189,1,
95638,567,-469813,133,1,
66811,278,-461803,53,1,
53985,150,-459848,33,1,
41778,28,-458963,24,1,
33240,56,-458609,21,1,
27324,116,-458479,20,1,
23777,151,-458486,20,1,
20672,182,-458474,19,0,
11863,270,-458400,19,0,
3177,357,-458411,19,0,
1618,373,-458406,19,0,
1877,370,-458303,18,0,
27009,119,-458239,17,0,
44689,57,-458273,17,0,
46051,71,-458243,17,0,
45591,66,-458268,17,0,
45666,67,-458325,18,0,
45554,66,-458314,18,0,
45677,67,-458305,18,0,
45752,68,-458266,17,0,
45569,66,-458301,18,0,
45536,66,-458292,18,0,
45456,65,-458312,18,0,
45647,67,-458277,17,0,
45735,68,-458221,17,0,
45625,66,-458247,17,0,
45572,66,-458243,17,0,
49431,104,-458301,18,0,
84381,454,-458321,18,0,
317938,2790,-458370,18,0,
380981,3420,-458401,19,0,
359133,3202,-458498,20,0,
324699,2857,-458570,20,1,
325763,2868,-458592,21,1,
330185,2912,-458632,21,1,
333190,2942,-458744,22,1,
333679,2947,-458852,23,1,
337547,2986,-459056,25,1,
359488,3205,-459465,29,1,
378794,3398,-460365,38,1,
411144,3722,-462733,62,1,
453510,4145,-474168,176,1,
499290,4603,-481256,247,1,
547511,5085,-488237,317,1,
593457,5545,-495310,388,1,
645686,6067,-502245,457,1,
690720,6517,-508076,515,1,
750933,7120,-512256,557,1,
772670,7337,-514976,584,1,
757717,7187,-515554,590,1,
727953,6890,-511021,545,1,
740105,7011,-506819,503,1,
802339,7634,-507532,510,1,
824414,7854,-507535,510,1,
588723,5497,-505178,487,1,
323565,2846,-502329,458,1,
214239,1753,-500594,441,1,
147366,1084,-498916,424,1,
129945,910,-496610,401,1,
130651,917,-493602,371,1,
131495,925,-490424,339,1,
128285,893,-487444,309,1,
120498,815,-479070,225,1,
113436,745,-474650,181,1,
104688,657,-470580,141,1,
93572,546,-466423,99,1,
68389,294,-462739,62,1,
60811,218,-460304,38,1,
56295,173,-459247,27,1,
51253,123,-458763,22,1,
47344,84,-458410,19,1,
41808,28,-458314,18,1,
35616,33,-457594,11,0,
29414,95,-455478,10,0,
17958,209,-454421,20,1,
4255,346,-455533,9,1,
-1025,399,-456242,2,1,
-4032,429,-455666,8,1,
12606,263,-457061,5,1,
35173,37,-457916,14,1,
30931,80,-458299,18,1,
27819,111,-460422,39,1,
27468,114,-467691,112,1,
27492,114,-467693,112,1,
27673,112,-463832,73,1,
27803,111,-465708,92,1,
27757,111,-467939,114,1,
27845,110,-465476,89,1,
28563,103,-463836,73,1,
28587,103,-462771,62,1,
27940,109,-462998,65,1,
29307,96,-466027,95,1,
31167,77,-471275,147,1,
34349,45,-468205,117,1,
34180,47,-463356,68,1,
34053,48,-461162,46,1,
32669,62,-466177,96,1,
31431,75,-468735,122,1,
32898,60,-472342,158,1,
38050,8,-479461,229,1,
47573,86,-482645,261,1,
52060,131,-484863,283,1,
54770,158,-488450,319,1,
60972,220,-489972,334,1,
59033,201,-488707,322,1,
66283,273,-486352,298,1,
70378,314,-485322,288,1,
70115,311,-484425,279,1,
70284,313,-482158,256,1,
69813,308,-479380,229,1,
68347,294,-478945,224,1,
66584,276,-479981,235,1,
67004,280,-477130,206,1,
68202,292,-475257,187,1,
65064,261,-470860,143,1,
59019,200,-466229,97,1,
57145,182,-463001,65,1,
59272,203,-460989,45,1,
60309,213,-459588,31,1,
59671,207,-458482,20,1,
59294,203,-458522,20,1,
58076,191,-458594,21,1,
57069,181,-458505,20,1,
53195,142,-458533,20,1,
42886,39,-458588,21,1,
26325,126,-458735,22,1,
112551,736,-458416,19,0,
51836,129,-457835,13,0,
66043,271,-456697,2,0,
63856,249,-453279,31,0,
46658,77,-454565,19,0,
54550,156,-454371,21,0,
67376,284,-451554,49,0,
63543,246,-455305,11,0,
56130,171,-451549,49,0,
65884,269,-449876,66,0,
74349,354,-455013,14,0,
81664,427,-457842,13,0,
82771,438,-458219,17,0,
83214,442,-458297,18,0,
82930,439,-458270,17,0,
82656,437,-458210,17,0,
82901,439,-458271,17,0,
82511,435,-458276,17,0,
82429,434,-458304,18,0,
82826,438,-458311,18,0,
82655,437,-458294,18,0,
82352,434,-458263,17,0,
82680,437,-458286,18,0,
82230,432,-458309,18,0,
82293,433,-458276,17,0,
82477,435,-458246,17,0,
82366,434,-458247,17,0,
82193,432,-458272,17,0,
81842,429,-458283,18,0,
81808,428,-458292,18,0,
82064,431,-458236,17,0,
81717,427,-458264,17,0,
81956,430,-458287,18,0,
82007,430,-458275,17,0,
81740,428,-458299,18,0,
81834,429,-458328,18,0,
82040,431,-458281,18,0,
81939,430,-458292,18,0,
81865,429,-458277,17,0,
82013,430,-458301,18,0,
81837,429,-458306,18,0,
81828,428,-458272,17,0,
81932,430,-458301,18,0,
81943,430,-458280,18,0,
81893,429,-458316,18,0,
81895,429,-458312,18,0,
81738,428,-458297,18,0,
81835,429,-458278,18,0,
81970,430,-458300,18,0,
81943,430,-458321,18,0,
88308,493,-458259,17,0,
150234,1113,-458306,18,0,
274059,2351,-458408,19,0,
355879,3169,-458458,19,0,
384709,3457,-458540,20,2,
345625,3066,-458574,20,2,
328044,2891,-458638,21,2,
328654,2897,-459035,25,2,
339938,3010,-459408,29,2,
341902,3029,-460117,36,2,
353376,3144,-461343,48,2,
373159,3342,-463416,69,2,
398450,3595,-466714,102,2,
431536,3926,-471099,146,2,
473159,4342,-476720,202,2,
518701,4797,-483066,265,2,
561812,5228,-489331,328,2,
646848,6079,-495428,389,2,
699663,6607,-507609,511,2,
742738,7038,-512733,562,2,
774384,7354,-516933,604,2,
808373,7694,-520989,645,2,
837342,7984,-524819,683,2,
848266,8093,-527607,711,2,
857424,8184,-529391,729,2,
924274,8853,-530851,743,2,
890282,8513,-532350,758,2,
541223,5022,-531613,751,2,
332556,2936,-523207,667,2,
229957,1910,-520651,641,2,
192116,1531,-517856,613,2,
164696,1257,-514124,576,2,
154795,1158,-509701,532,2,
154877,1159,-505239,487,2,
155773,1168,-500978,445,2,
146785,1078,-495347,388,2,
130335,914,-489280,328,2,
121070,821,-483659,271,2,
107284,683,-473157,166,2,
90828,518,-468050,115,2,
76222,372,-463751,72,2,
64845,259,-461032,45,2,
54828,158,-459584,31,2,
49364,104,-458906,24,2,
44662,57,-458614,21,2,
27628,113,-458495,20,2,
16149,227,-458434,19,0,
6627,323,-458391,19,0,
1811,371,-458357,18,0,
-1221,401,-458343,18,0,
-1438,403,-458359,18,0,
9965,289,-458339,18,0,
36273,26,-458296,18,0,
41642,27,-458292,18,0,
39426,4,-458319,18,0,
39281,3,-458320,18,0,
39233,3,-458305,18,0,
39286,3,-458328,18,0,
39354,4,-458282,18,0,
39381,4,-458240,17,0,
39323,3,-458243,17,0,
39346,4,-458319,18,0,
39521,5,-458332,18,0,
39374,4,-458338,18,0,
39423,4,-458325,18,0,
40423,14,-458308,18,0,
58943,200,-458306,18,0,
148492,1095,-458305,18,0,
284701,2457,-458428,19,0,
367613,3286,-458443,19,0,
397117,3581,-458480,20,0,
354822,3158,-458495,20,2,
336446,2975,-458558,20,2,
339259,3003,-458681,22,2,
341934,3030,-458818,23,2,
341259,3023,-459077,25,2,
346702,3077,-459567,30,2,
360470,3215,-460686,42,2,
381914,3429,-465896,94,2,
413739,3748,-470960,144,2,
456243,4173,-477523,210,2,
503243,4643,-484351,278,2,
597072,5581,-490946,344,2,
641291,6023,-497653,411,2,
691562,6526,-504387,479,2,
733639,6947,-510194,537,2,
762363,7234,-514492,580,2,
796036,7571,-518475,619,2,
823561,7846,-525514,690,2,
841440,8025,-527837,713,2,
862474,8235,-529379,729,2,
990635,9517,-530590,741,2,
843936,8050,-530907,744,2,
501387,4624,-527688,712,2,
303144,2642,-523492,670,2,
210629,1716,-520940,644,2,
180226,1412,-518615,621,2,
158614,1196,-515185,587,2,
153854,1149,-506222,497,2,
155018,1160,-502102,456,2,
142471,1035,-496917,404,2,
134392,954,-490437,339,2,
126304,873,-484081,276,2,
116381,774,-478368,218,2,
102035,631,-473277,167,2,
84774,458,-468277,117,2,
70508,315,-463756,72,2,
60560,216,-460833,43,2,
53142,142,-458913,24,2,
42687,37,-458683,22,2,
38429,5,-458507,20,2,
31818,71,-458385,19,2,
24243,146,-458347,18,0,
18613,203,-458315,18,0,
7761,311,-458309,18,0,
-3523,424,-458357,18,0,
-3271,422,-458319,18,0,
10310,286,-458241,17,0,
28113,108,-458195,17,0,
21532,174,-458147,16,0,
21060,178,-458160,16,0,
21052,178,-458203,17,0,
20931,180,-458214,17,0,
20801,181,-458202,17,0,
20763,181,-458227,17,0,
20792,181,-458204,17,0,
20798,181,-458164,16,0,
20703,182,-458190,17,0,
20765,181,-458271,17,0,
20704,182,-458236,17,0,
20691,182,-458230,17,0,
20800,181,-458293,18,0,
20754,181,-458294,18,0,
20576,183,-458253,17,0,
20527,184,-458264,17,0,
20549,183,-458216,17,0,
20630,183,-458189,17,0,
20592,183,-458271,17,0,
20532,184,-458272,17,0,
20562,183,-458264,17,0,
20639,182,-458236,17,0,
20725,182,-458229,17,0,
20679,182,-458237,17,0,
20614,183,-458245,17,0,
20533,183,-458223,17,0,
20611,183,-458201,17,0,
85489,465,-458217,17,0,
221843,1829,-458269,17,0,
328118,2891,-458376,18,0,
383052,3441,-458415,19,0,
376627,3376,-458424,19,0,
347937,3090,-458475,19,0,
349334,3104,-458581,21,2,
352562,3136,-458726,22,2,
349656,3107,-458892,24,2,
344747,3058,-459155,26,2,
355005,3160,-459828,33,2,
372118,3331,-461067,45,2,
398957,3600,-463301,68,2,
437777,3988,-472979,165,2,
485220,4462,-479786,233,2,
534669,4957,-486618,301,2,
577763,5388,-493315,368,2,
619999,5810,-500043,435,2,
716051,6771,-506558,500,2,
748184,7092,-511849,553,2,
776089,7371,-515860,593,2,
804327,7653,-519591,631,2,
824392,7854,-522962,664,2,
842144,8032,-527925,714,2,
880872,8419,-529265,727,2,
955160,9162,-530407,739,2,
932954,8940,-529746,732,2,
630589,5916,-525834,693,2,
231728,1927,-522283,658,2,
188733,1498,-520210,637,2,
166514,1275,-517702,612,2,
151362,1124,-514061,575,2,
151684,1127,-509591,531,2,
155921,1169,-500820,443,2,
150206,1112,-495142,386,2,
140524,1015,-488591,321,2,
133797,948,-482409,259,2,
107816,688,-476881,204,2,
90765,518,-471717,152,2,
77541,386,-466619,101,2,
68379,294,-462590,61,2,
60017,210,-460370,38,2,
53048,141,-459341,28,2,
45805,68,-458670,21,2,
37050,18,-458522,20,2,
29703,92,-458461,19,0,
13678,252,-458451,19,0,
4750,341,-458396,19,0,
-5012,439,-458340,18,0,
-6401,453,-458295,18,0,
1052,378,-458302,18,0,
28742,101,-458197,17,0,
37244,16,-458159,16,0,
20729,182,-458158,16,0,
17567,213,-458122,16,0,
17222,217,-458142,16,0,
17130,218,-458171,16,0,
17067,218,-458188,17,0,
16863,220,-458189,17,0,
16811,221,-458176,16,0,
16861,220,-458187,17,0,
16859,220,-458184,17,0,
16678,222,-458153,16,0,
16565,223,-458187,17,0,
16581,223,-458147,16,0,
16562,223,-458106,16,0,
16618,223,-458198,17,0,
16674,222,-458229,17,0,
16601,223,-458223,17,0,
16677,222,-458202,17,0,
18646,202,-458201,17,0,
50035,111,-458224,17,0,
162465,1235,-458259,17,0,
292284,2533,-458429,19,0,
385257,3463,-458496,20,0,
354447,3155,-458567,20,2,
348859,3099,-458616,21,2,
353523,3145,-458669,21,2,
353221,3142,-458797,23,2,
346562,3076,-458961,24,2,
346186,3072,-459291,28,2,
352656,3137,-460071,35,2,
364403,3254,-461412,49,2,
426151,3872,-468582,121,2,
470269,4313,-474970,184,2,
515725,4767,-481868,253,2,
559667,5207,-488556,320,2,
605496,5665,-495221,387,2,
653289,6143,-502018,455,2,
701198,6622,-508304,518,2,
738916,6999,-513024,565,2,
766309,7273,-516857,603,2,
821591,7826,-520586,641,2,
840217,8012,-526892,704,2,
861083,8221,-528566,720,2,
926096,8871,-529723,732,2,
962286,9233,-530406,739,2,
754004,7150,-528394,719,2,
428468,3895,-524157,676,2,
260811,2218,-521225,647,2,
203871,1649,-519230,627,2,
159656,1207,-516450,599,2,
154815,1158,-512638,561,2,
157313,1183,-503703,472,2,
155924,1169,-499228,427,2,
148206,1092,-493157,366,2,
141954,1030,-486662,301,2,
131258,923,-480746,242,2,
116801,778,-475486,190,2,
99131,601,-470295,138,2,
82359,434,-465314,88,2,
61279,223,-461747,52,2,
53474,145,-459927,34,2,
48184,92,-458836,23,2,
36887,20,-458664,21,2,
26672,122,-458532,20,2,
20893,180,-458452,19,0,
13164,257,-458379,19,0,
6870,320,-458362,18,0,
3077,358,-458395,19,0,
-4235,431,-458392,19,0,
13383,255,-458282,18,0,
37948,9,-458156,16,0,
45437,65,-458160,16,0,
44539,56,-458153,16,0,
44349,54,-458190,17,0,
44341,54,-458183,17,0,
44369,54,-458150,16,0,
44305,53,-458135,16,0,
44343,54,-458144,16,0,
44266,53,-458165,16,0,
44283,53,-458153,16,0,
44375,54,-458169,16,0,
44465,55,-458231,17,0,
44414,54,-458200,17,0,
44497,55,-458173,16,0,
44437,55,-458123,16,0,
47635,87,-458145,16,0,
201015,1620,-458177,16,0,
317424,2784,-458342,18,0,
377294,3383,-458437,19,0,
380310,3413,-458474,19,0,
344923,3059,-458473,19,0,
341543,3026,-458621,21,2,
341347,3024,-458729,22,2,
349475,3105,-458914,24,2,
350618,3116,-459221,27,2,
356004,3170,-459853,33,2,
363578,3246,-461055,45,2,
389259,3503,-463332,68,2,
427614,3886,-467458,109,2,
473231,4342,-473431,169,2,
519209,4802,-480212,237,2,
565814,5268,-487091,306,2,
613436,5745,-500472,439,2,
662972,6240,-506807,503,2,
709997,6710,-511905,554,2,
770064,7311,-515898,594,2,
797267,7583,-519653,631,2,
822767,7838,-523245,667,2,
839247,8003,-526142,696,2,
864625,8256,-528039,715,2,
931168,8922,-529243,727,2,
930369,8914,-530113,736,2,
676617,6376,-525295,688,2,
381518,3425,-522115,656,2,
189769,1508,-520184,637,2,
170812,1318,-517531,610,2,
156003,1170,-513841,573,2,
153761,1148,-509394,529,2,
155454,1165,-504927,484,2,
151002,1120,-500670,441,2,
142959,1040,-494954,384,2,
136999,980,-488442,319,2,
126540,876,-477120,206,2,
92428,534,-471939,154,2,
77365,384,-466797,103,2,
66776,278,-462573,60,2,
58801,198,-460279,38,2,
54380,154,-459248,27,2,
50274,113,-458795,23,2,
36511,24,-458603,21,2,
24886,140,-458536,20,2,
18153,207,-458483,20,2,
11732,272,-458429,19,0,
4687,342,-458394,19,0,
-1262,401,-458347,18,0,
-1079,400,-458325,18,0,
21413,175,-458208,17,0,
34458,44,-458184,17,0,
26644,122,-458199,17,0,
23645,152,-458185,17,0,
23793,151,-458179,17,0,
35263,36,-458255,17,0,
46474,75,-458282,18,0,
58259,193,-458314,18,0,
67773,288,-458330,18,0,
73792,348,-458265,17,0,
75829,368,-458307,18,0,
76128,371,-458320,18,0,
75919,369,-458316,18,0,
75415,364,-458291,18,0,
75703,367,-458313,18,0,
75607,366,-458248,17,0,
75038,361,-458270,17,0,
75283,363,-458239,17,0,
75522,365,-458087,16,2,
75065,361,-459103,26,2,
75044,361,-464275,77,2,
75340,364,-472759,162,2,
73331,343,-478471,219,2,
70674,317,-479450,229,2,
70692,317,-479771,232,2,
70953,320,-479842,233,2,
70850,319,-477995,215,2,
70722,317,-476301,198,2,
70804,318,-475629,191,2,
70736,318,-475172,186,2,
70458,315,-472312,158,2,
70278,313,-466157,96,2,
70146,312,-466350,98,2,
71463,325,-476849,203,2,
70862,319,-486879,304,2,
70343,314,-490109,336,2,
70956,320,-498265,417,2,
70484,315,-502751,462,2,
70476,315,-504602,481,2,
71100,321,-502559,460,2,
70690,317,-497780,413,2,
70680,317,-497544,410,2,
70473,315,-501175,446,2,
70719,317,-504481,480,2,
70778,318,-504458,479,2,
70411,314,-491298,348,2,
70460,315,-487974,314,2,
70440,315,-488680,322,2,
70426,314,-493303,368,2,
70581,316,-494839,383,2,
70546,316,-491298,348,2,
70295,313,-486123,296,2,
70286,313,-482093,256,2,
70367,314,-478286,218,2,
70285,313,-471783,153,2,
70771,318,-460120,36,2,
70799,318,-458201,17,0,
70355,314,-457595,11,0,
71631,326,-457139,6,0,
75985,370,-456237,2,0,
85592,466,-456687,2,0,
84674,457,-458259,17,0,
82986,440,-457960,14,0,
81087,421,-456759,2,0,
79977,410,-456933,4,0,
79883,409,-458404,19,0,
79961,410,-458510,20,0,
79977,410,-458701,22,0,
80152,412,-458746,22,0,
80103,411,-458757,22,0,
80348,414,-458734,22,0,
80104,411,-458718,22,0,
79981,410,-458700,22,0,
80191,412,-458755,22,0,
80094,411,-458795,23,0,
79973,410,-458752,22,0,
80135,412,-458800,23,0,
80363,414,-458760,22,0,
79503,405,-458756,22,0,
80298,413,-458726,22,0,
79894,409,-458773,22,0,
79937,410,-458796,23,0,
80394,414,-458790,23,0,
79769,408,-458789,23,0,
79539,406,-458772,22,0,
79927,409,-458791,23,0,
79939,410,-458809,23,0,
80423,414,-458826,23,0,
95309,563,-458823,23,0,
206564,1676,-459089,26,3,
336151,2972,-459808,33,3,
362297,3233,-459474,29,3,
353225,3142,-459000,25,3,
350335,3114,-459202,27,3,
360514,3215,-459964,34,3,
369535,3306,-461822,53,3,
397026,3580,-467626,111,3,
419237,3803,-471612,151,3,
449759,4108,-476390,199,3,
482233,4433,-481164,246,3,
516872,4779,-485771,292,3,
557502,5185,-490862,343,3,
605070,5661,-496977,404,3,
653648,6147,-503535,470,3,
697867,6589,-510122,536,3,
742394,7034,-516946,604,3,
857900,8189,-531303,748,3,
901870,8629,-536987,805,3,
934224,8952,-541703,852,3,
963083,9241,-546284,898,3,
991430,9524,-550536,940,3,
1009343,9704,-553538,970,3,
1023065,9841,-555444,989,3,
1083862,10449,-556564,1000,3,
1146541,11076,-557676,1011,3,
530016,4910,-555225,987,3,
312044,2731,-544939,884,3,
229118,1901,-540415,839,3,
212379,1734,-535211,787,3,
198295,1593,-529783,733,3,
190152,1512,-523996,675,3,
195533,1566,-518538,620,3,
190016,1510,-512429,559,3,
171685,1327,-504146,476,3,
142549,1036,-496019,395,3,
131259,923,-488941,324,3,
110756,718,-476588,201,3,
89154,502,-470579,141,3,
74412,354,-465515,90,3,
63366,244,-461989,55,3,
55127,161,-459990,35,3,
49663,107,-459187,27,3,
43351,44,-458796,23,3,
21834,170,-458644,21,3,
12009,269,-458548,20,3,
1917,370,-458462,19,0,
-7381,463,-458343,18,0,
-5926,448,-458296,18,0,
-10287,492,-458218,17,0,
-10230,491,-458163,16,0,
16278,226,-458072,15,0,
22185,167,-458026,15,0,
17551,213,-458026,15,0,
17280,216,-458072,15,0,
16812,221,-458108,16,0,
16562,223,-458162,16,0,
16368,225,-458113,16,0,
16444,224,-458116,16,0,
16359,225,-458126,16,0,
16158,227,-458169,16,0,
16197,227,-458148,16,0,
16117,228,-458198,17,0,
16801,221,-458150,16,0,
37263,16,-458107,16,0,
130810,918,-458104,16,0,
269229,2302,-458196,17,0,
355429,3164,-458438,19,0,
371573,3326,-458511,20,0,
353225,3142,-458522,20,3,
350144,3112,-458615,21,3,
348965,3100,-458848,23,3,
364320,3253,-459171,26,3,
365789,3268,-459818,33,3,
368508,3295,-461305,48,3,
387326,3483,-463812,73,3,
418848,3799,-467323,108,3,
457283,4183,-478344,218,3,
503838,4649,-485716,292,3,
559579,5206,-493691,372,3,
611980,5730,-501377,448,3,
720500,6815,-509149,526,3,
779643,7407,-517378,609,3,
827567,7886,-524692,682,3,
867084,8281,-530572,740,3,
903205,8642,-535665,791,3,
940810,9018,-540534,840,3,
973289,9343,-548111,916,3,
986345,9474,-550121,936,3,
1022592,9836,-551431,949,3,
974217,9352,-551915,954,3,
605191,5662,-548178,917,3,
363175,3242,-542729,862,3,
239190,2002,-539405,829,3,
203055,1641,-536385,799,3,
189519,1505,-531875,753,3,
180349,1414,-526426,699,3,
182617,1436,-515105,586,3,
183220,1442,-508565,520,3,
152438,1135,-500408,439,3,
140566,1016,-492740,362,3,
131347,924,-485947,294,3,
114751,758,-479490,230,3,
95701,567,-472753,162,3,
79242,403,-466758,102,3,
67860,289,-462916,64,3,
58611,196,-460708,42,3,
52999,140,-459021,25,3,
45696,67,-458750,22,3,
15485,234,-458623,21,3,
7922,310,-458554,20,3,
461,384,-458458,19,0,
-829,397,-458388,19,0,
-1066,399,-458340,18,0,
-7842,467,-458332,18,0,
-13391,523,-458296,18,0,
9836,290,-458192,17,0,
25477,134,-458076,15,0,
20027,189,-458086,16,0,
19767,191,-458068,15,0,
19629,193,-458099,16,0,
19542,193,-458144,16,0,
19410,195,-458144,16,0,
19325,196,-458122,16,0,
19123,198,-458140,16,0,
19076,198,-458182,17,0,
19110,198,-458219,17,0,
18947,199,-458141,16,0,
18878,200,-458148,16,0,
21411,175,-458197,17,0,
55841,169,-458222,17,0,
173050,1341,-458197,17,0,
299383,2604,-458333,18,0,
365425,3264,-458451,19,0,
363982,3250,-458554,20,3,
353100,3141,-458625,21,3,
352334,3134,-458772,22,3,
362659,3237,-459086,26,3,
365046,3261,-459573,30,3,
369974,3310,-460454,39,3,
369701,3307,-462398,59,3,
389181,3502,-466048,95,3,
423652,3847,-470977,144,3,
466775,4278,-477042,205,3,
514519,4755,-484196,277,3,
569589,5306,-491847,353,3,
675024,6360,-499635,431,3,
736427,6974,-507648,511,3,
793774,7548,-523166,666,3,
842451,8035,-529112,726,3,
884550,8456,-534599,781,3,
923467,8845,-539959,834,3,
958427,9194,-544407,879,3,
985167,9462,-547588,911,3,
1003111,9641,-549666,931,3,
1114428,10754,-551131,946,3,
897595,8586,-552199,957,3,
537070,4981,-549398,929,3,
325110,2861,-539941,834,3,
222189,1832,-536827,803,3,
196369,1574,-532477,759,3,
184641,1457,-527169,706,3,
177204,1382,-521352,648,3,
181818,1428,-515810,593,3,
163549,1246,-509570,530,3,
147550,1086,-501446,449,3,
135165,962,-493633,371,3,
124733,858,-486923,304,3,
108779,698,-473959,174,3,
88204,492,-467908,114,3,
72927,339,-463627,71,3,
60518,215,-461213,47,3,
48015,90,-459805,33,3,
32582,63,-459049,25,3,
20613,183,-458720,22,3,
10517,284,-458600,21,3,
3304,356,-458493,20,3,
-3231,421,-458344,18,0,
-3105,420,-458400,19,0,
-3566,424,-458357,18,0,
-10740,496,-458296,18,0,
-12635,515,-458235,17,0,
28339,105,-458121,16,0,
25426,135,-458126,16,0,
25267,136,-458167,16,0,
25227,137,-458162,16,0,
25313,136,-458139,16,0,
25363,135,-458187,17,0,
25319,136,-458183,17,0,
25363,135,-458134,16,0,
25339,135,-458147,16,0,
25443,134,-458173,16,0,
25543,133,-458191,17,0,
25628,133,-458193,17,0,
25569,133,-458185,17,0,
25689,132,-458174,16,0,
34928,40,-458162,16,0,
97653,587,-458141,16,0,
234645,1957,-458345,18,0,
337424,2984,-458454,19,0,
381129,3421,-458521,20,3,
359066,3201,-458602,21,3,
358037,3191,-458756,22,3,
362880,3239,-458924,24,3,
365611,3266,-459155,26,3,
369354,3304,-459494,30,3,
371739,3328,-460353,38,3,
373405,3344,-462268,57,3,
396912,3579,-470731,142,3,
437179,3982,-477066,205,3,
544431,5054,-484918,284,3,
604858,5659,-492926,364,3,
655164,6162,-500662,441,3,
710102,6711,-508601,521,3,
770356,7314,-516820,603,3,
820235,7813,-524168,676,3,
865030,8260,-529786,733,3,
900870,8619,-534920,784,3,
934337,8954,-544492,880,3,
986607,9476,-547581,911,3,
1011292,9723,-549512,930,3,
1085814,10468,-550979,945,3,
1070000,10310,-551985,955,3,
741731,7027,-549234,927,3,
442409,4034,-543744,872,3,
267797,2288,-539908,834,3,
198077,1591,-536862,803,3,
184084,1451,-532482,760,3,
176566,1376,-521525,650,3,
174054,1351,-516202,597,3,
165601,1266,-510088,536,3,
154146,1152,-502141,456,3,
145649,1067,-494415,379,3,
137140,982,-487811,313,3,
130577,916,-481363,248,3,
115611,766,-474804,183,3,
96032,571,-468570,120,3,
82203,432,-463817,73,3,
55567,166,-459838,33,3,
44395,54,-459213,27,3,
29273,96,-458880,24,3,
15790,231,-458670,21,3,
10570,283,-458555,20,3,
4314,346,-458500,20,3,
-252,391,-458435,19,0,
-3910,428,-458383,19,0,
-9372,483,-458338,18,0,
-7305,462,-458257,17,0,
17937,209,-458148,16,0,
17346,215,-458143,16,0,
15959,229,-458168,16,0,
15485,234,-458193,17,0,
15162,237,-458142,16,0,
15019,239,-458178,17,0,
14976,239,-458198,17,0,
14884,240,-458215,17,0,
14642,242,-458225,17,0,
14615,243,-458183,17,0,
14608,243,-458162,16,0,
14618,243,-458157,16,0,
14551,243,-458195,17,0,
14419,245,-458176,16,0,
14297,246,-458157,16,0,
14397,245,-458178,17,0,
23328,156,-458220,17,0,
225505,1865,-458248,17,0,
328542,2896,-458343,18,0,
370190,3312,-458459,19,0,
358334,3194,-458632,21,3,
356359,3174,-458699,22,3,
360483,3215,-458792,23,3,
358821,3198,-459003,25,3,
364136,3252,-459314,28,3,
372784,3338,-459973,34,3,
370569,3316,-461421,49,3,
401144,3622,-464319,78,3,
441360,4024,-468919,124,3,
490298,4513,-474892,184,3,
547964,5090,-482415,259,3,
603912,5649,-498106,416,3,
654759,6158,-505916,494,3,
710533,6716,-514088,576,3,
769705,7307,-521896,654,3,
821632,7827,-528053,715,3,
897606,8586,-533070,765,3,
930674,8917,-538189,817,3,
961094,9221,-543053,865,3,
985008,9460,-546677,901,3,
1016301,9773,-549055,925,3,
1096154,10572,-551984,955,3,
1062686,10237,-550760,942,3,
718836,6799,-545425,889,3,
428264,3893,-540837,843,3,
194363,1554,-537941,814,3,
184631,1456,-533910,774,3,
181732,1428,-528671,721,3,
181471,1425,-523090,666,3,
182900,1439,-517701,612,3,
174481,1355,-512193,557,3,
163886,1249,-496634,401,3,
154248,1153,-489697,332,3,
146002,1070,-483399,269,3,
115465,765,-477110,206,3,
94960,560,-470694,142,3,
81218,422,-465046,85,3,
69741,308,-461674,51,3,
57535,186,-460066,35,3,
47487,85,-459316,28,3,
36228,27,-458902,24,3,
23038,158,-458597,21,3,
12937,259,-458489,20,3,
5674,332,-458419,19,0,
-8202,471,-458384,19,0,
-13524,524,-458368,18,0,
-18686,576,-458309,18,0,
-7843,467,-458260,17,0,
17137,217,-458172,16,0,
15473,234,-458132,16,0,
14307,246,-458151,16,0,
13949,249,-458230,17,0,
13608,253,-458186,17,0,
13296,256,-458158,16,0,
13038,258,-458176,16,0,
12982,259,-458204,17,0,
12986,259,-458159,16,0,
12965,259,-458234,17,0,
12853,260,-458249,17,0,
12832,261,-458197,17,0,
12828,261,-458205,17,0,
12706,262,-458250,17,0,
45228,62,-458208,17,0,
159929,1209,-458188,17,0,
287393,2484,-458349,18,0,
361076,3221,-458448,19,0,
372419,3334,-458531,20,3,
366722,3277,-458672,21,3,
364228,3252,-458716,22,3,
355460,3165,-458816,23,3,
365111,3261,-459006,25,3,
377992,3390,-459996,35,3,
376930,3379,-461509,50,3,
390382,3514,-464596,81,3,
420866,3819,-469326,128,3,
466828,4278,-475621,191,3,
521658,4827,-483251,267,3,
581001,5420,-491214,347,3,
635099,5961,-499067,425,3,
683298,6443,-506874,503,3,
790964,7520,-515083,586,3,
842817,8038,-528907,724,3,
884404,8454,-533937,774,3,
921230,8822,-538816,823,3,
959678,9207,-543589,871,3,
990581,9516,-547247,907,3,
1011820,9728,-549562,930,3,
1071229,10322,-551075,945,3,
1125356,10864,-552189,957,3,
910174,8712,-550239,937,3,
331604,2926,-544716,882,3,
212937,1740,-537285,808,3,
190291,1513,-533010,765,3,
181510,1425,-527753,712,3,
175370,1364,-522225,657,3,
184229,1452,-516843,603,3,
184336,1454,-511119,546,3,
173427,1344,-503331,468,3,
158031,1190,-495493,390,3,
133737,948,-488857,323,3,
120447,815,-482648,261,3,
98983,600,-469735,132,3,
82380,434,-464275,77,3,
68183,292,-461286,48,3,
54690,157,-459821,33,3,
43411,44,-459148,26,3,
31226,77,-458788,23,3,
22241,166,-458638,21,3,
7718,312,-458576,20,3,
5343,335,-458472,19,0,
937,379,-458442,19,0,
-9014,479,-458407,19,0,
-15244,541,-458309,18,0,
-11114,500,-458221,17,0,
18483,204,-458154,16,0,
24313,146,-458217,17,0,
20637,182,-458283,18,0,
20068,188,-458266,17,0,
19785,191,-458256,17,0,
19659,192,-458264,17,0,
19511,194,-458263,17,0,
19378,195,-458267,17,0,
19327,196,-458288,18,0,
19308,196,-458260,17,0,
19236,196,-458290,18,0,
19306,196,-458237,17,0,
19186,197,-458275,17,0,
19498,194,-458263,17,0,
34711,42,-458251,17,0,
117899,789,-458277,17,0,
262080,2231,-458340,18,0,
354911,3159,-458538,20,3,
386471,3475,-458560,20,3,
368556,3296,-458659,21,3,
358106,3191,-458736,22,3,
348117,3091,-458939,24,3,
363497,3245,-459115,26,3,
367229,3282,-459483,30,3,
365598,3266,-460346,38,3,
378554,3396,-462078,56,3,
407039,3681,-465480,90,3,
447724,4087,-477529,210,3,
495456,4565,-485354,288,3,
552159,5132,-493358,368,3,
606730,5677,-500934,444,3,
698722,6597,-508545,520,3,
757060,7181,-516604,601,3,
816085,7771,-523897,674,3,
868538,8296,-529657,731,3,
904942,8660,-534788,783,3,
935481,8965,-539768,832,3,
959130,9201,-544161,876,3,
979718,9407,-549617,931,3,
1017280,9783,-551069,945,3,
1021664,9827,-552025,955,3,
664802,6258,-549192,927,3,
396937,3580,-543677,871,3,
232696,1937,-540050,835,3,
178828,1398,-537023,805,3,
175272,1363,-532414,759,3,
173457,1345,-526870,703,3,
177758,1388,-521184,647,3,
177484,1385,-509868,533,3,
153653,1147,-501866,453,3,
141289,1023,-494143,376,3,
131274,923,-487646,311,3,
119216,802,-481393,249,3,
98825,598,-474918,184,3,
80470,415,-468409,119,3,
66103,271,-463453,69,3,
53550,146,-460773,42,3,
44509,55,-459605,31,3,
36155,27,-458697,22,3,
19859,190,-458571,20,3,
13262,256,-458472,19,0,
8723,302,-458407,19,0,
9124,298,-458358,18,0,
3176,357,-458348,18,0,
-9848,487,-458333,18,0,
-20553,594,-458301,18,0,
-3578,425,-458254,17,0,
21341,175,-458235,17,0,
16993,219,-458363,18,0,
16663,222,-458401,19,0,
